FEEDER SCHEDULE,FEEDER SCHEDULE.1
A### INDICATES ALUMINUM CONDUCTORS,A### INDICATES ALUMINUM CONDUCTORS
A110-3,"3#2/0 + 1#4 G, 1 1/2"" C"
A125T,"4#2/0 + 1#1/0 G, 2"" C"
A200T,"4#250KCMIL + 1#2 G, 2 1/2"" C"
A225,"4#300KCMIL + 1#2 G, 2 1/2"" C"
A225-3,"3#300KCMIL + 1#2 G, 2 1/2"" C"
A225TB,"4#300KCMIL + 1#3/0 G, 2 1/2"" C"
A300,"4#500KCMIL + 1#2 G, 3"" C"
T30,"30KVA TRANSFORMER, 480-208Y/120V, 3PH PRIMARY FEEDER: 3#6 + 1#10 G, 3/4"" C SECONDARY FEEDER: 4#1 + 1#6 G, 1 1/2"" C BONDING JUMPERS & GROUNDING ELECTRODE CONDUCTOR: #6"
